Workbook

Sheet semana8-2026
A1: INFO 209 - PRÁCTICO SEMANA 8
C3: Práctico
A4: Nombre | B4: Email | C4: Paso 1 | D4: Paso 2 | E4: Paso 3 | F4: Paso 4 | G4: Paso 5 | H4: Paso 6 | I4: Nota
A5: ALVARADO BALBOA,MARTÍN ALEXIS | B5: martin.alvarado@alumnos.uach.cl; | C5: 1 | D5: 1 | E5: 1 | F5: 1 | G5: 1 | H5: 1 | I5: =SUM(C5:H5)+1 -> 7
A6: CARLIN SARAVIA,GIORGIO ENRIQUE | B6: giorgio.carlin@alumnos.uach.cl; | C6: 1 | D6: 1 | E6: 1 | F6: 1 | G6: 1 | H6: 1 | I6: =SUM(C6:H6)+1 -> 7
A7: CARRILLO SOTO,MAYRA ANTONELLA | B7: mayra.carrillo@alumnos.uach.cl; | C7: 1 | D7: 1 | E7: 1 | F7: 1 | G7: 1 | H7: 1 | I7: =SUM(C7:H7)+1 -> 7
A8: CÓRDOVA CONCHA,NICOLÁS IGNACIO | B8: nicolas.cordova@alumnos.uach.cl; | C8: 1 | D8: 1 | E8: 1 | F8: 1 | G8: 1 | H8: 1 | I8: =SUM(C8:H8)+1 -> 7
A9: DURÁN VILCHES,IVAN DRAGO | B9: ivan.duran@alumnos.uach.cl; | C9: 1 | D9: 1 | E9: 1 | F9: 1 | G9: 1 | H9: 1 | I9: =SUM(C9:H9)+1 -> 7
A10: GAVILÁN GUIDOTTI,BASTIÁN NIVALDO | B10: bastian.gavilan@alumnos.uach.cl; | C10: 1 | D10: 1 | E10: 1 | F10: 1 | G10: 1 | H10: 1 | I10: =SUM(C10:H10)+1 -> 7
A11: HABERT GARCÉS,LUCIANA IGNACIA | B11: luciana.habert@alumnos.uach.cl; | I11: =SUM(C11:H11)+1 -> 1
A12: HERNÁNDEZ MIRANDA,FRANCISCO LEONEL | B12: francisco.hernandez03@alumnos.uach.cl; | C12: 1 | D12: 1 | E12: 1 | F12: 1 | G12: 1 | H12: 1 | I12: =SUM(C12:H12)+1 -> 7
A13: LARA BRIONES,MARCELO ALEJANDRO | B13: marcelo.lara@alumnos.uach.cl; | C13: 1 | D13: 1 | E13: 1 | F13: 1 | G13: 1 | H13: 1 | I13: =SUM(C13:H13)+1 -> 7
A14: LEAL GALLEGOS,JOSEFINA ANTONIA | B14: josefina.leal@alumnos.uach.cl; | C14: 1 | D14: 1 | E14: 1 | F14: 1 | G14: 1 | H14: 1 | I14: =SUM(C14:H14)+1 -> 7
A15: MALDONADO SANHUEZA,GABRIEL ALEXIS | B15: gabriel.maldonado01@alumnos.uach.cl; | C15: 1 | D15: 1 | E15: 1 | F15: 1 | G15: 1 | H15: 1 | I15: =SUM(C15:H15)+1 -> 7
A16: MARTÍNEZ HERNÁNDEZ,JAVIER ALEJANDRO | B16: javier.martinez02@alumnos.uach.cl; | C16: 1 | D16: 1 | E16: 1 | F16: 1 | G16: 1 | H16: 1 | I16: =SUM(C16:H16)+1 -> 7
A17: RIVERA FARIÑA,MATÍAS AARON | B17: matias.rivera@alumnos.uach.cl; | C17: 1 | D17: 1 | E17: 1 | F17: 1 | G17: 1 | H17: 1 | I17: =SUM(C17:H17)+1 -> 7
A18: ROJAS BARAHONA,BENJAMÍN BEN | B18: benjamin.rojas02@alumnos.uach.cl; | C18: 1 | D18: 1 | E18: 1 | F18: 1 | G18: 1 | H18: 1 | I18: =SUM(C18:H18)+1 -> 7
A19: RUPAILAF QUEZADA,ALEN ORLANDO | B19: alen.rupailaf@alumnos.uach.cl; | C19: 1 | D19: 1 | E19: 1 | F19: 1 | G19: 1 | H19: 1 | I19: =SUM(C19:H19)+1 -> 7
A20: SALAS RODRÍGUEZ,SEBASTIÁN ISAI EDGARDO | B20: sebastian.salas02@alumnos.uach.cl; | C20: 1 | D20: 1 | E20: 1 | F20: 1 | G20: 1 | I20: =SUM(C20:H20)+1 -> 6
A21: SALINAS SCHMIDT,PASCAL GABRIEL | B21: pascal.salinas@alumnos.uach.cl; | C21: 1 | D21: 1 | E21: 1 | F21: 1 | G21: 1 | H21: 1 | I21: =SUM(C21:H21)+1 -> 7
A22: SEGUEL BRAVO,ANDRÉS ESTEBAN | B22: andres.seguel@alumnos.uach.cl; | C22: 1 | D22: 1 | E22: 1 | F22: 1 | G22: 1 | H22: 1 | I22: =SUM(C22:H22)+1 -> 7
A23: SILVA MENA,JOSÉ CRISTÓBAL | B23: jose.silva@alumnos.uach.cl; | C23: 1 | D23: 1 | E23: 1 | F23: 1 | G23: 1 | H23: 1 | I23: =SUM(C23:H23)+1 -> 7
A24: SKILLMANN LÓPEZ,CRISTÓBAL ALONSO | B24: cristobal.skillmann@alumnos.uach.cl; | I24: =SUM(C24:H24)+1 -> 1
A25: SOTO LOMBOY,MATÍAS | B25: matias.soto@alumnos.uach.cl; | C25: 1 | D25: 1 | E25: 1 | F25: 1 | G25: 1 | H25: 1 | I25: =SUM(C25:H25)+1 -> 7
A26: SOTO VERGARA,DIEGO RONALDO HERMES | B26: diego.soto06@alumnos.uach.cl; | C26: 1 | D26: 1 | E26: 1 | F26: 1 | G26: 1 | H26: 1 | I26: =SUM(C26:H26)+1 -> 7
A27: TAPIA YEFI,RENTON DANIEL | B27: renton.tapia@alumnos.uach.cl; | I27: =SUM(C27:H27)+1 -> 1
A28: TOLEDO VARELA,MATÍAS IGNACIO | B28: matias.toledo01@alumnos.uach.cl; | C28: 1 | D28: 1 | E28: 1 | F28: 1 | G28: 1 | H28: 1 | I28: =SUM(C28:H28)+1 -> 7
A29: VEAS HUEQUEMÁN,CRISTÓBAL FELIPE | B29: cristobal.veas@alumnos.uach.cl; | C29: 1 | D29: 1 | E29: 1 | F29: 1 | G29: 1 | H29: 1 | I29: =SUM(C29:H29)+1 -> 7
A30: VERGARA MOYA,RODRIGO ANDRÉS | B30: rodrigo.vergara01@alumnos.uach.cl; | C30: 1 | D30: 1 | E30: 1 | F30: 1 | G30: 1 | H30: 1 | I30: =SUM(C30:H30)+1 -> 7
A31: ZAPATA TORRES,KATHERINE FRANCISCA | B31: katherine.zapata@alumnos.uach.cl; | C31: 1 | D31: 1 | E31: 1 | F31: 1 | G31: 1 | H31: 1 | I31: =SUM(C31:H31)+1 -> 7

Sheet semana7-2026
A1: INFO 209 - PRÁCTICO SEMANA 7
C3: Parte 1 | G3: Nota
A4: Nombre | B4: Email | C4: 1 | D4: 2 | E4: 3 | F4: 4
A5: ALVARADO BALBOA,MARTÍN ALEXIS | B5: martin.alvarado@alumnos.uach.cl; | C5: 1 | D5: 1 | E5: 1 | F5: 1 | G5: =ROUND(6*SUM(C5:F5)/4 +1,1) -> 7
A6: CARLIN SARAVIA,GIORGIO ENRIQUE | B6: giorgio.carlin@alumnos.uach.cl; | C6: 1 | D6: 1 | E6: 1 | F6: 1 | G6: =ROUND(6*SUM(C6:F6)/4 +1,1) -> 7
A7: CARRILLO SOTO,MAYRA ANTONELLA | B7: mayra.carrillo@alumnos.uach.cl; | C7: 1 | D7: 1 | E7: 1 | F7: 1 | G7: =ROUND(6*SUM(C7:F7)/4 +1,1) -> 7
A8: CÓRDOVA CONCHA,NICOLÁS IGNACIO | B8: nicolas.cordova@alumnos.uach.cl; | C8: 1 | D8: 1 | E8: =2/3 -> 0.66666667 | F8: 0 | G8: =ROUND(6*SUM(C8:F8)/4 +1,1) -> 5
A9: DURÁN VILCHES,IVAN DRAGO | B9: ivan.duran@alumnos.uach.cl; | C9: 1 | D9: 1 | E9: 1 | F9: 1 | G9: =ROUND(6*SUM(C9:F9)/4 +1,1) -> 7
A10: GAVILÁN GUIDOTTI,BASTIÁN NIVALDO | B10: bastian.gavilan@alumnos.uach.cl; | C10: 1 | D10: 1 | E10: 1 | F10: 1 | G10: =ROUND(6*SUM(C10:F10)/4 +1,1) -> 7
A11: HABERT GARCÉS,LUCIANA IGNACIA | B11: luciana.habert@alumnos.uach.cl; | C11: 1 | D11: 1 | E11: 1 | F11: 1 | G11: =ROUND(6*SUM(C11:F11)/4 +1,1) -> 7
A12: HERNÁNDEZ MIRANDA,FRANCISCO LEONEL | B12: francisco.hernandez03@alumnos.uach.cl; | C12: 1 | D12: 1 | E12: 1 | F12: 1 | G12: =ROUND(6*SUM(C12:F12)/4 +1,1) -> 7
A13: LARA BRIONES,MARCELO ALEJANDRO | B13: marcelo.lara@alumnos.uach.cl; | C13: 1 | D13: 1 | E13: 1 | F13: 1 | G13: =ROUND(6*SUM(C13:F13)/4 +1,1) -> 7
A14: LEAL GALLEGOS,JOSEFINA ANTONIA | B14: josefina.leal@alumnos.uach.cl; | C14: 1 | D14: 1 | E14: 1 | F14: 1 | G14: =ROUND(6*SUM(C14:F14)/4 +1,1) -> 7
A15: MALDONADO SANHUEZA,GABRIEL ALEXIS | B15: gabriel.maldonado01@alumnos.uach.cl;
A16: MARTÍNEZ HERNÁNDEZ,JAVIER ALEJANDRO | B16: javier.martinez02@alumnos.uach.cl; | C16: 1 | D16: 1 | E16: 1 | F16: 1 | G16: =ROUND(6*SUM(C16:F16)/4 +1,1) -> 7
A17: RIVERA FARIÑA,MATÍAS AARON | B17: matias.rivera@alumnos.uach.cl; | C17: 1 | D17: 1 | E17: 1 | F17: 1 | G17: =ROUND(6*SUM(C17:F17)/4 +1,1) -> 7
A18: ROJAS BARAHONA,BENJAMÍN BEN | B18: benjamin.rojas02@alumnos.uach.cl; | C18: 1 | D18: 1 | E18: =2/3 -> 0.66666667 | F18: =3/4 -> 0.75 | G18: =ROUND(6*SUM(C18:F18)/4 +1,1) -> 6.1
A19: RUPAILAF QUEZADA,ALEN ORLANDO | B19: alen.rupailaf@alumnos.uach.cl; | C19: 1 | D19: 1 | E19: =2/3 -> 0.66666667 | F19: 1 | G19: =ROUND(6*SUM(C19:F19)/4 +1,1) -> 6.5
A20: SALAS RODRÍGUEZ,SEBASTIÁN ISAI EDGARDO | B20: sebastian.salas02@alumnos.uach.cl; | C20: 1 | D20: 1 | F20: 1 | G20: =ROUND(6*SUM(C20:F20)/4 +1,1) -> 5.5
A21: SALINAS SCHMIDT,PASCAL GABRIEL | B21: pascal.salinas@alumnos.uach.cl; | C21: 1 | D21: 1 | E21: 1 | F21: 1 | G21: =ROUND(6*SUM(C21:F21)/4 +1,1) -> 7
A22: SEGUEL BRAVO,ANDRÉS ESTEBAN | B22: andres.seguel@alumnos.uach.cl; | C22: =0.8 -> 0.8 | D22: 1 | E22: =2/3 -> 0.66666667 | F22: 1 | G22: =ROUND(6*SUM(C22:F22)/4 +1,1) -> 6.2
A23: SILVA MENA,JOSÉ CRISTÓBAL | B23: jose.silva@alumnos.uach.cl; | C23: 1 | D23: 1 | E23: 1 | F23: 1 | G23: =ROUND(6*SUM(C23:F23)/4 +1,1) -> 7
A24: SKILLMANN LÓPEZ,CRISTÓBAL ALONSO | B24: cristobal.skillmann@alumnos.uach.cl; | C24: 1 | D24: 1 | E24: 1 | F24: 1 | G24: =ROUND(6*SUM(C24:F24)/4 +1,1) -> 7
A25: SOTO LOMBOY,MATÍAS | B25: matias.soto@alumnos.uach.cl; | C25: 1 | D25: 1 | E25: 1 | F25: 1 | G25: =ROUND(6*SUM(C25:F25)/4 +1,1) -> 7
A26: SOTO VERGARA,DIEGO RONALDO HERMES | B26: diego.soto06@alumnos.uach.cl; | D26: 1 | E26: =2/3 -> 0.66666667 | F26: 0.8 | G26: =ROUND(6*SUM(C26:F26)/4 +1,1) -> 4.7
A27: TAPIA YEFI,RENTON DANIEL | B27: renton.tapia@alumnos.uach.cl; | G27: 7
A28: TOLEDO VARELA,MATÍAS IGNACIO | B28: matias.toledo01@alumnos.uach.cl; | C28: 1 | D28: 1 | E28: 1 | F28: 1 | G28: =ROUND(6*SUM(C28:F28)/4 +1,1) -> 7
A29: VEAS HUEQUEMÁN,CRISTÓBAL FELIPE | B29: cristobal.veas@alumnos.uach.cl; | C29: 1 | D29: 1 | E29: 1 | F29: 1 | G29: =ROUND(6*SUM(C29:F29)/4 +1,1) -> 7
A30: VERGARA MOYA,RODRIGO ANDRÉS | B30: rodrigo.vergara01@alumnos.uach.cl; | C30: 1 | D30: 1 | E30: 1 | F30: 1 | G30: =ROUND(6*SUM(C30:F30)/4 +1,1) -> 7
A31: ZAPATA TORRES,KATHERINE FRANCISCA | B31: katherine.zapata@alumnos.uach.cl; | C31: =3/4 -> 0.75 | D31: 1 | E31: 1 | F31: 1 | G31: =ROUND(6*SUM(C31:F31)/4 +1,1) -> 6.6

Sheet Semana 5-2006
B1: INFO 209 - PRÁCTICO SEMANA 5
D3: Parte 1 | L3: Parte 2 | Q3: Parte 3 | S3: Nota
B4: Nombre | C4: Email | D4: 1a | E4: 1b | F4: 1c | G4: 1d | H4: 1e | I4: 1f | J4: 1g | K4: 1h | L4: 2a | M4: 2b | N4: 2c | O4: 2d | P4: 2e | Q4: 3a | R4: 3b
B5: ALVARADO BALBOA,MARTÍN ALEXIS | C5: martin.alvarado@alumnos.uach.cl; | D5: 1 | E5: 1 | F5: 1 | G5: 1 | H5: 1 | I5: 1 | J5: 1 | K5: 1 | L5: 1 | M5: 1 | N5: 1 | O5: 1 | P5: 1 | Q5: 1 | R5: 1 | S5: =ROUND(6*SUM(D5:R5)/15 +1,1) -> 7
B6: CARLIN SARAVIA,GIORGIO ENRIQUE | C6: giorgio.carlin@alumnos.uach.cl; | D6: 1 | E6: 1 | F6: 1 | G6: 1 | H6: 1 | I6: 1 | J6: 1 | K6: 1 | L6: 1 | M6: 1 | N6: 1 | O6: 1 | P6: 1 | Q6: 1 | R6: 1 | S6: =ROUND(6*SUM(D6:R6)/15 +1,1) -> 7
B7: CARRILLO SOTO,MAYRA ANTONELLA | C7: mayra.carrillo@alumnos.uach.cl; | D7: 1 | E7: 1 | F7: 1 | G7: 1 | H7: 1 | I7: 1 | J7: 1 | K7: 1 | L7: 1 | M7: 1 | N7: 1 | O7: 1 | P7: 1 | Q7: 1 | R7: 1 | S7: =ROUND(6*SUM(D7:R7)/15 +1,1) -> 7
B8: CÓRDOVA CONCHA,NICOLÁS IGNACIO | C8: nicolas.cordova@alumnos.uach.cl; | D8: 1 | E8: 1 | F8: 1 | G8: 1 | H8: 1 | I8: 1 | J8: 1 | K8: 1 | Q8: 1 | R8: 1 | S8: =ROUND(6*SUM(D8:R8)/15 +1,1) -> 5
B9: DURÁN VILCHES,IVAN DRAGO | C9: ivan.duran@alumnos.uach.cl; | D9: 1 | E9: 1 | F9: 1 | G9: 1 | H9: 1 | I9: 1 | J9: 1 | K9: 1 | L9: 1 | M9: 1 | N9: 1 | O9: 1 | P9: 1 | Q9: 1 | R9: 1 | S9: =ROUND(6*SUM(D9:R9)/15 +1,1) -> 7
B10: GAVILÁN GUIDOTTI,BASTIÁN NIVALDO | C10: bastian.gavilan@alumnos.uach.cl; | D10: 1 | E10: 1 | F10: 1 | G10: 1 | H10: 1 | I10: 1 | J10: 1 | K10: 1 | L10: 1 | M10: 1 | N10: 1 | O10: 1 | P10: 1 | S10: =ROUND(6*SUM(D10:R10)/15 +1,1) -> 6.2
B11: HABERT GARCÉS,LUCIANA IGNACIA | C11: luciana.habert@alumnos.uach.cl; | D11: 1 | E11: 0.5 | F11: 1 | H11: 1 | I11: 1 | J11: 1 | K11: 1 | L11: 1 | M11: 1 | N11: 1 | O11: 1 | P11: 1 | Q11: 1 | R11: 1 | S11: =ROUND(6*SUM(D11:R11)/15 +1,1) -> 6.4
B12: HERNÁNDEZ MIRANDA,FRANCISCO LEONEL | C12: francisco.hernandez03@alumnos.uach.cl; | D12: 1 | E12: 1 | F12: 1 | G12: 1 | H12: 1 | I12: 1 | J12: 1 | K12: 1 | L12: 1 | M12: 1 | N12: 1 | O12: 1 | P12: 1 | Q12: 1 | R12: 1 | S12: =ROUND(6*SUM(D12:R12)/15 +1,1) -> 7
B13: LARA BRIONES,MARCELO ALEJANDRO | C13: marcelo.lara@alumnos.uach.cl; | D13: 1 | E13: 1 | F13: 1 | G13: 1 | H13: 1 | I13: 1 | J13: 1 | K13: 1 | L13: 1 | M13: 1 | N13: 1 | O13: 1 | P13: 1 | Q13: 1 | R13: 1 | S13: =ROUND(6*SUM(D13:R13)/15 +1,1) -> 7
B14: LEAL GALLEGOS,JOSEFINA ANTONIA | C14: josefina.leal@alumnos.uach.cl; | D14: 0.5 | E14: 1 | F14: 1 | G14: 0.5 | H14: 1 | I14: 1 | J14: 1 | K14: 1 | L14: 1 | M14: 1 | N14: 1 | P14: 1 | Q14: 1 | S14: =ROUND(6*SUM(D14:R14)/15 +1,1) -> 5.8
B15: MALDONADO SANHUEZA,GABRIEL ALEXIS | C15: gabriel.maldonado01@alumnos.uach.cl;
B16: MARTÍNEZ HERNÁNDEZ,JAVIER ALEJANDRO | C16: javier.martinez02@alumnos.uach.cl; | D16: 1 | E16: 1 | F16: 1 | G16: 1 | H16: 1 | I16: 1 | J16: 1 | K16: 1 | L16: 1 | M16: 1 | N16: 1 | O16: 1 | P16: 1 | Q16: 1 | R16: 1 | S16: =ROUND(6*SUM(D16:R16)/15 +1,1) -> 7
B17: RIVERA FARIÑA,MATÍAS AARON | C17: matias.rivera@alumnos.uach.cl; | D17: 1 | E17: 1 | F17: 1 | G17: 1 | H17: 1 | I17: 1 | J17: 1 | K17: 1 | L17: 1 | N17: 1 | O17: 1 | P17: 1 | Q17: 1 | R17: 1 | S17: =ROUND(6*SUM(D17:R17)/15 +1,1) -> 6.6
B18: ROJAS BARAHONA,BENJAMÍN BEN | C18: benjamin.rojas02@alumnos.uach.cl; | D18: 1 | E18: 1 | F18: 1 | G18: 1 | H18: 1 | I18: 1 | J18: 1 | K18: 1 | L18: 1 | M18: 1 | N18: 1 | O18: 1 | P18: 1 | Q18: 1 | R18: 1 | S18: =ROUND(6*SUM(D18:R18)/15 +1,1) -> 7
B19: RUPAILAF QUEZADA,ALEN ORLANDO | C19: alen.rupailaf@alumnos.uach.cl; | D19: 1 | E19: 1 | F19: 1 | G19: 1 | H19: 1 | I19: 1 | J19: 1 | K19: 1 | L19: 1 | M19: 1 | N19: 1 | O19: 1 | P19: 1 | Q19: 1 | R19: 1 | S19: =ROUND(6*SUM(D19:R19)/15 +1,1) -> 7
B20: SALAS RODRÍGUEZ,SEBASTIÁN ISAI EDGARDO | C20: sebastian.salas02@alumnos.uach.cl; | D20: 1 | E20: 1 | F20: 1 | G20: 1 | H20: 1 | I20: 1 | J20: 1 | K20: 1 | L20: 1 | M20: 1 | N20: 1 | O20: 1 | P20: 1 | S20: =ROUND(6*SUM(D20:R20)/15 +1,1) -> 6.2
B21: SALINAS SCHMIDT,PASCAL GABRIEL | C21: pascal.salinas@alumnos.uach.cl; | D21: 1 | E21: 1 | H21: 1 | I21: 1 | J21: 1 | K21: 1 | L21: 1 | M21: 1 | N21: 1 | O21: 1 | P21: 1 | Q21: 1 | S21: =ROUND(6*SUM(D21:R21)/15 +1,1) -> 5.8
B22: SEGUEL BRAVO,ANDRÉS ESTEBAN | C22: andres.seguel@alumnos.uach.cl; | D22: 1 | E22: 1 | F22: 1 | G22: 1 | H22: 1 | I22: 1 | J22: 1 | K22: 1 | L22: 1 | M22: 1 | N22: 1 | O22: 1 | P22: 1 | Q22: 1 | R22: 1 | S22: =ROUND(6*SUM(D22:R22)/15 +1,1) -> 7
B23: SILVA MENA,JOSÉ CRISTÓBAL | C23: jose.silva@alumnos.uach.cl; | D23: 1 | E23: 1 | F23: 1 | G23: 1 | H23: 1 | I23: 1 | J23: 1 | K23: 1 | L23: 1 | M23: 1 | N23: 1 | O23: 1 | P23: 1 | Q23: 1 | R23: 1 | S23: =ROUND(6*SUM(D23:R23)/15 +1,1) -> 7
B24: SKILLMANN LÓPEZ,CRISTÓBAL ALONSO | C24: cristobal.skillmann@alumnos.uach.cl; | D24: 1 | E24: 1 | F24: 1 | G24: 1 | H24: 1 | I24: 1 | J24: 1 | K24: 1 | L24: 1 | M24: 1 | N24: 1 | O24: 1 | P24: 1 | S24: =ROUND(6*SUM(D24:R24)/15 +1,1) -> 6.2
B25: SOTO LOMBOY,MATÍAS | C25: matias.soto@alumnos.uach.cl; | D25: 1 | E25: 1 | F25: 1 | G25: 1 | H25: 1 | I25: 1 | J25: 1 | K25: 1 | L25: 1 | M25: 1 | N25: 1 | O25: 1 | P25: 1 | Q25: 1 | R25: 1 | S25: =ROUND(6*SUM(D25:R25)/15 +1,1) -> 7
B26: SOTO VERGARA,DIEGO RONALDO HERMES | C26: diego.soto06@alumnos.uach.cl; | D26: 1 | E26: 1 | F26: 1 | G26: 1 | H26: 1 | I26: 1 | J26: 1 | K26: 1 | L26: 1 | M26: 1 | N26: 1 | Q26: 1 | R26: 1 | S26: =ROUND(6*SUM(D26:R26)/15 +1,1) -> 6.2
B27: TAPIA YEFI,RENTON DANIEL | C27: renton.tapia@alumnos.uach.cl; | S27: 6.8
B28: TOLEDO VARELA,MATÍAS IGNACIO | C28: matias.toledo01@alumnos.uach.cl; | D28: 1 | E28: 1 | F28: 1 | G28: 1 | H28: 1 | I28: 1 | J28: 1 | K28: 1 | L28: 1 | M28: 1 | N28: 1 | O28: 1 | P28: 1 | Q28: 1 | S28: =ROUND(6*SUM(D28:R28)/15 +1,1) -> 6.6
B29: VEAS HUEQUEMÁN,CRISTÓBAL FELIPE | C29: cristobal.veas@alumnos.uach.cl; | D29: 1 | E29: 1 | F29: 1 | G29: 1 | H29: 1 | I29: 1 | J29: 1 | K29: 1 | L29: 1 | M29: 1 | N29: 1 | O29: 1 | P29: 1 | Q29: 1 | R29: 1 | S29: =ROUND(6*SUM(D29:R29)/15 +1,1) -> 7
B30: VERGARA MOYA,RODRIGO ANDRÉS | C30: rodrigo.vergara01@alumnos.uach.cl; | D30: 0.5 | E30: 0.5 | F30: 1 | G30: 0.5 | H30: 1 | I30: 1 | J30: 1 | K30: 1 | L30: 1 | M30: 1 | N30: 1 | O30: 1 | P30: 1 | Q30: 1 | R30: 1 | S30: =ROUND(6*SUM(D30:R30)/15 +1,1) -> 6.4
B31: ZAPATA TORRES,KATHERINE FRANCISCA | C31: katherine.zapata@alumnos.uach.cl; | D31: 1 | E31: 1 | F31: 1 | G31: 1 | H31: 1 | I31: 1 | J31: 1 | K31: 1 | L31: 0.5 | M31: 1 | N31: 1 | Q31: 1 | R31: 1 | S31: =ROUND(6*SUM(D31:R31)/15 +1,1) -> 6

Sheet Semana 3-2026
A1: INFO 209 - PRÁCTICO SEMANA 3
C3: Parte 1 | G3: Parte 2 | K3: Nota
A4: Nombre | B4: Email | C4: 1a | D4: 1b | E4: 1c | F4: 1d | G4: 2a | H4: 2b | I4: 2c | J4: 2d
A5: ALVARADO BALBOA,MARTÍN ALEXIS | B5: martin.alvarado@alumnos.uach.cl;
A6: CARLIN SARAVIA,GIORGIO ENRIQUE | B6: giorgio.carlin@alumnos.uach.cl; | C6: 1 | D6: 1 | E6: 1 | F6: 1 | G6: 1 | H6: 1 | I6: 1 | J6: 1 | K6: =ROUND(6*SUM(C6:J6)/8+1,1) -> 7
A7: CARRILLO SOTO,MAYRA ANTONELLA | B7: mayra.carrillo@alumnos.uach.cl; | C7: 1 | D7: 1 | E7: 1 | F7: 1 | G7: 1 | H7: 1 | I7: 1 | J7: 1 | K7: =ROUND(6*SUM(C7:J7)/8+1,1) -> 7
A8: CÓRDOVA CONCHA,NICOLÁS IGNACIO | B8: nicolas.cordova@alumnos.uach.cl; | C8: 1 | D8: 1 | E8: 1 | F8: 1 | G8: 1 | K8: =ROUND(6*SUM(C8:J8)/8+1,1) -> 4.8
A9: DURÁN VILCHES,IVAN DRAGO | B9: ivan.duran@alumnos.uach.cl; | C9: 1 | D9: 1 | E9: 1 | F9: 1 | G9: 1 | H9: 1 | I9: 1 | J9: 1 | K9: =ROUND(6*SUM(C9:J9)/8+1,1) -> 7
A10: GAVILÁN GUIDOTTI,BASTIÁN NIVALDO | B10: bastian.gavilan@alumnos.uach.cl; | C10: 1 | D10: 1 | E10: 1 | F10: 1 | G10: 1 | H10: 1 | I10: 1 | J10: 1 | K10: =ROUND(6*SUM(C10:J10)/8+1,1) -> 7
A11: HABERT GARCÉS,LUCIANA IGNACIA | B11: luciana.habert@alumnos.uach.cl; | C11: 1 | D11: 1 | E11: 1 | F11: 1 | G11: 1 | H11: 1 | I11: 1 | J11: 1 | K11: =ROUND(6*SUM(C11:J11)/8+1,1) -> 7
A12: HERNÁNDEZ MIRANDA,FRANCISCO LEONEL | B12: francisco.hernandez03@alumnos.uach.cl; | C12: 1 | D12: 1 | E12: 1 | F12: 1 | G12: 1 | H12: 1 | I12: 1 | J12: 1 | K12: =ROUND(6*SUM(C12:J12)/8+1,1) -> 7
A13: LARA BRIONES,MARCELO ALEJANDRO | B13: marcelo.lara@alumnos.uach.cl; | C13: 1 | D13: 1 | E13: 1 | F13: 1 | G13: 1 | H13: 1 | I13: 1 | J13: 1 | K13: =ROUND(6*SUM(C13:J13)/8+1,1) -> 7
A14: LEAL GALLEGOS,JOSEFINA ANTONIA | B14: josefina.leal@alumnos.uach.cl; | C14: 1 | D14: 1 | E14: 1 | F14: 1 | G14: 1 | H14: 1 | I14: 1 | J14: 1 | K14: =ROUND(6*SUM(C14:J14)/8+1,1) -> 7
A15: MALDONADO SANHUEZA,GABRIEL ALEXIS | B15: gabriel.maldonado01@alumnos.uach.cl; | C15: 1 | D15: 1 | E15: 1 | F15: 1 | G15: 1 | H15: 1 | I15: 1 | J15: 1 | K15: =ROUND(6*SUM(C15:J15)/8+1,1) -> 7
A16: MARTÍNEZ HERNÁNDEZ,JAVIER ALEJANDRO | B16: javier.martinez02@alumnos.uach.cl; | C16: 1 | D16: 1 | E16: 1 | F16: 1 | G16: 1 | H16: 1 | I16: 1 | J16: 1 | K16: =ROUND(6*SUM(C16:J16)/8+1,1) -> 7
A17: RIVERA FARIÑA,MATÍAS AARON | B17: matias.rivera@alumnos.uach.cl; | C17: 1 | D17: 1 | E17: 1 | F17: 1 | G17: 1 | H17: 1 | I17: 1 | J17: 1 | K17: =ROUND(6*SUM(C17:J17)/8+1,1) -> 7
A18: ROJAS BARAHONA,BENJAMÍN BEN | B18: benjamin.rojas02@alumnos.uach.cl;
A19: RUPAILAF QUEZADA,ALEN ORLANDO | B19: alen.rupailaf@alumnos.uach.cl; | C19: 1 | D19: 1 | E19: 1 | F19: 1 | G19: 1 | H19: 1 | I19: 1 | J19: 1 | K19: =ROUND(6*SUM(C19:J19)/8+1,1) -> 7
A20: SALAS RODRÍGUEZ,SEBASTIÁN ISAI EDGARDO | B20: sebastian.salas02@alumnos.uach.cl; | C20: 1 | D20: 1 | E20: 1 | F20: 1 | G20: 1 | H20: 1 | I20: 1 | K20: =ROUND(6*SUM(C20:J20)/8+1,1) -> 6.3
A21: SALINAS SCHMIDT,PASCAL GABRIEL | B21: pascal.salinas@alumnos.uach.cl; | C21: 1 | K21: =ROUND(6*SUM(C21:J21)/8+1,1) -> 1.8
A22: SEGUEL BRAVO,ANDRÉS ESTEBAN | B22: andres.seguel@alumnos.uach.cl; | C22: 1 | D22: 1 | E22: 1 | F22: 1 | G22: 1 | H22: 1 | K22: =ROUND(6*SUM(C22:J22)/8+1,1) -> 5.5
A23: SILVA MENA,JOSÉ CRISTÓBAL | B23: jose.silva@alumnos.uach.cl; | C23: 1 | D23: 1 | E23: 1 | F23: 1 | G23: 1 | H23: 1 | I23: 1 | J23: 1 | K23: =ROUND(6*SUM(C23:J23)/8+1,1) -> 7
A24: SKILLMANN LÓPEZ,CRISTÓBAL ALONSO | B24: cristobal.skillmann@alumnos.uach.cl; | C24: 1 | D24: 1 | E24: 1 | F24: 1 | K24: =ROUND(6*SUM(C24:J24)/8+1,1) -> 4
A25: SOTO LOMBOY,MATÍAS | B25: matias.soto@alumnos.uach.cl; | C25: 1 | D25: 1 | E25: 1 | F25: 1 | K25: =ROUND(6*SUM(C25:J25)/8+1,1) -> 4
A26: SOTO VERGARA,DIEGO RONALDO HERMES | B26: diego.soto06@alumnos.uach.cl; | C26: 1 | D26: 1 | E26: 1 | K26: =ROUND(6*SUM(C26:J26)/8+1,1) -> 3.3
A27: TAPIA YEFI,RENTON DANIEL | B27: renton.tapia@alumnos.uach.cl; | K27: 7
A28: TOLEDO VARELA,MATÍAS IGNACIO | B28: matias.toledo01@alumnos.uach.cl; | C28: 1 | D28: 1 | E28: 1 | F28: 1 | G28: 1 | K28: =ROUND(6*SUM(C28:J28)/8+1,1) -> 4.8
A29: VEAS HUEQUEMÁN,CRISTÓBAL FELIPE | B29: cristobal.veas@alumnos.uach.cl; | C29: 1 | D29: 1 | E29: 1 | F29: 1 | G29: 1 | H29: 1 | I29: 1 | J29: 1 | K29: =ROUND(6*SUM(C29:J29)/8+1,1) -> 7
A30: VERGARA MOYA,RODRIGO ANDRÉS | B30: rodrigo.vergara01@alumnos.uach.cl; | C30: 1 | D30: 1 | E30: 1 | F30: 1 | G30: 1 | H30: 1 | I30: 1 | J30: 1 | K30: =ROUND(6*SUM(C30:J30)/8+1,1) -> 7
A31: ZAPATA TORRES,KATHERINE FRANCISCA | B31: katherine.zapata@alumnos.uach.cl; | C31: 1 | D31: 1 | E31: 1 | F31: 1 | G31: 1 | H31: 1 | I31: 1 | K31: =ROUND(6*SUM(C31:J31)/8+1,1) -> 6.3

Sheet Promedio Prácticos
B2: Promedio prácticos INFO209 - Taller de Bases de Datos
B4: Nombre | C4: Sem 3 | D4: Sem 5 | E4: Sem 7 | F4: Sem 8 | G4: Sem 9 | H4: Sem 11 | I4: Sem 12 | J4: Promedio
B5: ALVARADO BALBOA,MARTÍN ALEXIS | D5: ='Semana 5-2006'!S5 -> 7 | E5: ='semana7-2026'!G5 -> 7 | F5: ='semana8-2026'!I5 -> 7 | G5: 7 | H5: 7 | I5: 7 | J5: =AVERAGE(C5:I5) -> 7
B6: CARLIN SARAVIA,GIORGIO ENRIQUE | C6: ='Semana 3-2026'!K6 -> 7 | D6: ='Semana 5-2006'!S6 -> 7 | E6: ='semana7-2026'!G6 -> 7 | F6: ='semana8-2026'!I6 -> 7 | G6: 7 | H6: 7 | I6: 7 | J6: =AVERAGE(C6:I6) -> 7
B7: CARRILLO SOTO,MAYRA ANTONELLA | C7: ='Semana 3-2026'!K7 -> 7 | D7: ='Semana 5-2006'!S7 -> 7 | E7: ='semana7-2026'!G7 -> 7 | F7: ='semana8-2026'!I7 -> 7 | G7: 7 | I7: 7 | J7: =AVERAGE(C7:I7) -> 7
B8: CÓRDOVA CONCHA,NICOLÁS IGNACIO | C8: ='Semana 3-2026'!K8 -> 4.8 | D8: ='Semana 5-2006'!S8 -> 5 | E8: ='semana7-2026'!G8 -> 5 | F8: ='semana8-2026'!I8 -> 7 | H8: 7 | I8: 6.4 | J8: =AVERAGE(C8:I8) -> 5.8666667
B9: DURÁN VILCHES,IVAN DRAGO | C9: ='Semana 3-2026'!K9 -> 7 | D9: ='Semana 5-2006'!S9 -> 7 | E9: ='semana7-2026'!G9 -> 7 | F9: ='semana8-2026'!I9 -> 7 | G9: 6.5 | I9: 7 | J9: =AVERAGE(C9:I9) -> 6.9166667
B10: GAVILÁN GUIDOTTI,BASTIÁN NIVALDO | C10: ='Semana 3-2026'!K10 -> 7 | D10: ='Semana 5-2006'!S10 -> 6.2 | E10: ='semana7-2026'!G10 -> 7 | F10: ='semana8-2026'!I10 -> 7 | G10: 7 | H10: 7 | J10: =AVERAGE(C10:I10) -> 6.8666667
B11: HABERT GARCÉS,LUCIANA IGNACIA | C11: ='Semana 3-2026'!K11 -> 7 | D11: ='Semana 5-2006'!S11 -> 6.4 | E11: ='semana7-2026'!G11 -> 7 | G11: 7 | H11: 7 | I11: 7 | J11: =AVERAGE(C11:I11) -> 6.9
B12: HERNÁNDEZ MIRANDA,FRANCISCO LEONEL | C12: ='Semana 3-2026'!K12 -> 7 | D12: ='Semana 5-2006'!S12 -> 7 | E12: ='semana7-2026'!G12 -> 7 | F12: ='semana8-2026'!I12 -> 7 | H12: 7 | I12: 7 | J12: =AVERAGE(C12:I12) -> 7
B13: LARA BRIONES,MARCELO ALEJANDRO | C13: ='Semana 3-2026'!K13 -> 7 | D13: ='Semana 5-2006'!S13 -> 7 | E13: ='semana7-2026'!G13 -> 7 | F13: ='semana8-2026'!I13 -> 7 | G13: 6.5 | H13: 7 | J13: =AVERAGE(C13:I13) -> 6.9166667
B14: LEAL GALLEGOS,JOSEFINA ANTONIA | C14: ='Semana 3-2026'!K14 -> 7 | D14: ='Semana 5-2006'!S14 -> 5.8 | E14: ='semana7-2026'!G14 -> 7 | F14: ='semana8-2026'!I14 -> 7 | H14: 7 | I14: 7 | J14: =AVERAGE(C14:I14) -> 6.8
B15: MALDONADO SANHUEZA,GABRIEL ALEXIS | C15: ='Semana 3-2026'!K15 -> 7 | D15: 1 | E15: 1 | F15: ='semana8-2026'!I15 -> 7 | G15: 7 | H15: 7 | J15: =AVERAGE(C15:I15) -> 5
B16: MARTÍNEZ HERNÁNDEZ,JAVIER ALEJANDRO | C16: ='Semana 3-2026'!K16 -> 7 | D16: ='Semana 5-2006'!S16 -> 7 | E16: ='semana7-2026'!G16 -> 7 | F16: ='semana8-2026'!I16 -> 7 | H16: 7 | I16: 7 | J16: =AVERAGE(C16:I16) -> 7
B17: RIVERA FARIÑA,MATÍAS AARON | C17: ='Semana 3-2026'!K17 -> 7 | E17: ='semana7-2026'!G17 -> 7 | F17: ='semana8-2026'!I17 -> 7 | G17: 7 | H17: 7 | I17: 7 | J17: =AVERAGE(C17:I17) -> 7
B18: ROJAS BARAHONA,BENJAMÍN BEN | D18: ='Semana 5-2006'!S18 -> 7 | E18: ='semana7-2026'!G18 -> 6.1 | F18: ='semana8-2026'!I18 -> 7 | G18: 7 | H18: 7 | I18: 7 | J18: =AVERAGE(C18:I18) -> 6.85
B19: RUPAILAF QUEZADA,ALEN ORLANDO | C19: ='Semana 3-2026'!K19 -> 7 | D19: ='Semana 5-2006'!S19 -> 7 | E19: ='semana7-2026'!G19 -> 6.5 | F19: ='semana8-2026'!I19 -> 7 | G19: 6.5 | H19: 7 | I19: 5.2 | J19: =AVERAGE(C19:I19) -> 6.6
B20: SALAS RODRÍGUEZ,SEBASTIÁN ISAI EDGARDO | C20: ='Semana 3-2026'!K20 -> 6.3 | D20: ='Semana 5-2006'!S20 -> 6.2 | E20: ='semana7-2026'!G20 -> 5.5 | F20: ='semana8-2026'!I20 -> 6 | H20: 7 | I20: 7 | J20: =AVERAGE(C20:I20) -> 6.3333333
B21: SALINAS SCHMIDT,PASCAL GABRIEL | D21: ='Semana 5-2006'!S21 -> 5.8 | E21: ='semana7-2026'!G21 -> 7 | F21: ='semana8-2026'!I21 -> 7 | G21: 7 | H21: 7 | I21: 7 | J21: =AVERAGE(C21:I21) -> 6.8
B22: SEGUEL BRAVO,ANDRÉS ESTEBAN | C22: ='Semana 3-2026'!K22 -> 5.5 | D22: ='Semana 5-2006'!S22 -> 7 | E22: ='semana7-2026'!G22 -> 6.2 | F22: ='semana8-2026'!I22 -> 7 | G22: 6 | H22: 7 | J22: =AVERAGE(C22:I22) -> 6.45
B23: SILVA MENA,JOSÉ CRISTÓBAL | C23: ='Semana 3-2026'!K23 -> 7 | D23: ='Semana 5-2006'!S23 -> 7 | E23: ='semana7-2026'!G23 -> 7 | F23: ='semana8-2026'!I23 -> 7 | G23: 7 | I23: 7 | J23: =AVERAGE(C23:I23) -> 7
B24: SKILLMANN LÓPEZ,CRISTÓBAL ALONSO | C24: ='Semana 3-2026'!K24 -> 4 | D24: ='Semana 5-2006'!S24 -> 6.2 | E24: ='semana7-2026'!G24 -> 7 | G24: 6 | H24: 4 | I24: 5.8 | J24: =AVERAGE(C24:I24) -> 5.5
B25: SOTO LOMBOY,MATÍAS | D25: ='Semana 5-2006'!S25 -> 7 | E25: ='semana7-2026'!G25 -> 7 | F25: ='semana8-2026'!I25 -> 7 | G25: 6.5 | H25: 7 | I25: 7 | J25: =AVERAGE(C25:I25) -> 6.9166667
B26: SOTO VERGARA,DIEGO RONALDO HERMES | D26: ='Semana 5-2006'!S26 -> 6.2 | E26: ='semana7-2026'!G26 -> 4.7 | F26: ='semana8-2026'!I26 -> 7 | G26: 7 | H26: 7 | I26: 7 | J26: =AVERAGE(C26:I26) -> 6.4833333
B27: TAPIA YEFI,RENTON DANIEL | C27: ='Semana 3-2026'!K27 -> 7 | E27: ='semana7-2026'!G27 -> 7 | F27: 7 | G27: 7 | H27: 7 | I27: 7 | J27: =AVERAGE(C27:I27) -> 7
B28: TOLEDO VARELA,MATÍAS IGNACIO | D28: ='Semana 5-2006'!S28 -> 6.6 | E28: ='semana7-2026'!G28 -> 7 | F28: ='semana8-2026'!I28 -> 7 | G28: 7 | H28: 7 | I28: 7 | J28: =AVERAGE(C28:I28) -> 6.9333333
B29: VEAS HUEQUEMÁN,CRISTÓBAL FELIPE | C29: ='Semana 3-2026'!K29 -> 7 | D29: ='Semana 5-2006'!S29 -> 7 | E29: ='semana7-2026'!G29 -> 7 | F29: ='semana8-2026'!I29 -> 7 | G29: 7 | I29: 7 | J29: =AVERAGE(C29:I29) -> 7
B30: VERGARA MOYA,RODRIGO ANDRÉS | C30: ='Semana 3-2026'!K30 -> 7 | D30: ='Semana 5-2006'!S30 -> 6.4 | E30: ='semana7-2026'!G30 -> 7 | F30: ='semana8-2026'!I30 -> 7 | G30: 7 | H30: 7 | J30: =AVERAGE(C30:I30) -> 6.9
B31: ZAPATA TORRES,KATHERINE FRANCISCA | C31: ='Semana 3-2026'!K31 -> 6.3 | E31: ='semana7-2026'!G31 -> 6.6 | F31: ='semana8-2026'!I31 -> 7 | G31: 7 | H31: 7 | I31: 6.4 | J31: =AVERAGE(C31:I31) -> 6.7166667
